<openerp>
    <data>
<!--

NOT WORKING YET CORRECTLY :-(

        <record id="module_manatec_activity" model="ir.module.category">
            <field name="name">Activities</field>
            <field name="sequence">3</field>
        </record>

        <record id="group_manatec_activity_user" model="res.groups">
            <field name="name">User</field>
            <field name="category_id" ref="module_manatec_activity"/>
            <field name="users" eval="[(4, ref('base.user_root'))]"/>
        </record>

        <record id="base.group_user" model="res.groups">
            <field name="implied_ids" eval="[(4, ref('group_manatec_activity_user'))]"/>
        </record>
        
        <record id="group_manatec_activity_manager" model="res.groups">
            <field name="name">Manager</field>
            <field name="implied_ids" eval="[(4, ref('group_manatec_activity_user'))]"/>
            <field name="category_id" ref="module_manatec_activity"/>
            <field name="users" eval="[(4, ref('base.user_root'))]"/>
        </record>
        
        <record id="rule_manatec_activity_user" model="ir.rule">
            <field name="name">rule_manatec_activity_user</field>
            <field name="model_id" ref="mail.model_mail_activity"/>
            <field name="domain_force">[("user_id", "=", user.id)]</field>
            <field name="perm_read">1</field>
            <field name="perm_write">1</field>
            <field name="perm_create">1</field>
            <field name="perm_unlink">1</field>
            <field name="groups" eval="[(6,0,[ref('group_manatec_activity_user'), ref('base.group_user')])]"/>
        </record>

        <record id="rule_manatec_activity_user_no_access" model="ir.rule">
            <field name="name">rule_manatec_activity_user_no_access</field>
            <field name="sequence">1</field>
            <field name="model_id" ref="mail.model_mail_activity"/>
            <field name="domain_force">[("user_id", "!=", user.id)]</field>
            <field name="perm_read">1</field>
            <field name="perm_write">0</field>
            <field name="perm_create">1</field>
            <field name="perm_unlink">0</field>
            <field name="groups" eval="[(6,0,[ref('group_manatec_activity_user'), ref('base.group_user')])]"/>
        </record>
        
        <record id="rule_manatec_activity_user" model="ir.rule">
            <field name="name">rule_manatec_activity_user</field>
            <field name="model_id" ref="mail.model_mail_activity"/>
            <field name="domain_force">[("user_id", "=", user.id)]</field>
            <field name="perm_read">1</field>
            <field name="perm_write">1</field>
            <field name="perm_create">1</field>
            <field name="perm_unlink">1</field>
            <field name="groups" eval="[(6,0,[ref('group_manatec_activity_manager')])]"/>
        </record>
        
        -->
        
    </data>
</openerp>
